Rahul,Medium,2026-02-10 18:27:18
Sneha,,,High,2026-02-10 19:23:21
Rahul,,,Medium,2026-02-10 20:00:51
Amit,,,Medium,2026-02-10 20:00:54
Rahul,,,Medium,2026-02-10 22:01:53
Rahul,,,Medium,2026-02-10 22:02:32
Sneha,,,High,2026-02-10 22:12:59
Amit,,,Medium,2026-02-10 22:49:05
Rahul,,,Medium,2026-02-10 23:02:37
Sneha,,,High,2026-02-10 23:03:53
Sneha,,,High,2026-02-10 23:05:32
Rahul,,,Medium,2026-02-11 00:37:33
Amit,,,Medium,2026-02-11 00:37:45
Amit,,,Medium,2026-02-11 00:37:49
Rahul,,,Medium,2026-02-11 00:42:00
